title,author,length
Goroth,Neven Iliev,10 hrs and 55 mins
Haunting Adeline,H. D. Carlton,15 hrs and 44 mins
He Who Fights with Monsters 7,"Shirtaloon,Travis Deverell",18 hrs and 39 mins
Moody,Penelope Ward,8 hrs and 3 mins
Discipline Is Destiny,Ryan Holiday,7 hrs and 17 mins
Codependent No More,Melody Beattie,Not Yet Known
The Ink Black Heart,Robert Galbraith,32 hrs and 42 mins
Desperation in Death,J. D. Robb,13 hrs and 11 mins
The Mad Mage of Sevendor,Terry Mancour,Not Yet Known
Fairy Tale,Stephen King,24 hrs and 6 mins
The Return of the Gods,Jonathan Cahn,8 hrs and 34 mins
Lead the Way,"Jason Anspach,Nick Cole",11 hrs and 37 mins
Tease,Melanie Harlow,9 hrs and 4 mins
The Dark One,Nikki St. Crowe,5 hrs and 31 mins
The Trap,David Icke,18 hrs and 56 mins
Hacked,"Lucy Lennox,May Archer",11 hrs and 14 mins
The Light We Carry,Michelle Obama,Not Yet Known
Revenge,Tom Bower,16 hrs and 23 mins
Strange & Unusual,Lani Lynn Vale,5 hrs and 39 mins
A Grim Baby,M.K. Eidem,6 hrs and 1 min
Royally Not Ready,Meghan Quinn,14 hrs and 31 mins
The Brave Line,Kate Stewart,8 hrs
Carrie Soto Is Back,Taylor Jenkins Reid,10 hrs and 30 mins
The Butcher and the Wren,Alaina Urquhart,7 hrs
Pacchi Festival,Nikita Thorn,21 hrs and 28 mins
Gilded Ghost,Kyle Kirrin,21 hrs and 28 mins
Kill Order,Tate James,15 hrs and 29 mins
Tiger's Daughter,Jennifer Ashley,9 hrs and 40 mins
Mad Man,Onley James,7 hrs and 52 mins
Fractured Freedom,Shain Rose,10 hrs and 27 mins
Oath of Loyalty,"Vince Flynn,Kyle Mills",9 hrs and 23 mins
Forever Protected,Kathleen Brooks,7 hrs and 5 mins
Danger Zone,"Hal Brands,Michael Beckley",8 hrs and 26 mins
Into the Fire,"James Rosone,T.C. Manning",13 hrs and 51 mins
Wiedergeburt,Brandon Varnell,6 hrs and 57 mins
The Spy,Sophie Lark,10 hrs and 37 mins
The Obesity Fix,"James DiNicolantonio,Siim Land",6 hrs and 53 mins
That Forever,Jillian Dodd,7 hrs and 9 mins
Long Way Home,Lynn Austin,12 hrs and 43 mins
Wayward Wisteria,Angela Pepper,8 hrs and 31 mins
Invent,Dakota Krout,12 hrs and 14 mins
Shadowheist,"Terry Mancour,Emily Burch Harris",Not Yet Known
Raised by Wolves,Christina C Jones,6 hrs and 57 mins
Meet Me Halfway,Lilian T. James,9 hrs and 34 mins
Dragons and Demons,Kel Kade,17 hrs and 3 mins
The Raven Song,J M Dalgliesh,8 hrs and 20 mins
Head Case,M. R. Forbes,8 hrs and 7 mins
Never Look Back,A.L. Jackson,12 hrs and 20 mins
KTF Part 1,"Jason Anspach,Nick Cole",Not Yet Known
Ten Trends to Seduce Your Bestfriend,Penny Reid,15 hrs and 55 mins
The Bully,Sophie Lark,9 hrs and 56 mins
Time Chain,Steven Decker,8 hrs and 28 mins
Defiance of the Fall 6,"TheFirstDefier,JF Brink",23 hrs and 1 min
The Final Solution,Mark Goodwin,7 hrs and 4 mins
"Galactic Federations, Councils, & Secret Space Programs",Michael Salla,8 hrs and 11 mins
Renegade Mage,Inadvisably Compelled,12 hrs and 20 mins
Trailed,Kathryn Miles,9 hrs and 10 mins
"The Rising of the Shield Hero, Volume 3",Aneko Yusagi,7 hrs and 55 mins
Crystal Awakening,"Andrew Rowe,Kayleigh Nicol",Not Yet Known
The Montessori Baby,"Simone Davies,Junnifa Uzodike",10 hrs and 51 mins
The Savage,Sophie Lark,13 hrs and 46 mins
Victory at Prescott High,C.M. Stunich,16 hrs and 41 mins
Game of Crones,Amanda M. Lee,9 hrs and 58 mins
Unlock Your Potential,Jeff Lerner,12 hrs and 42 mins
Knocking Myself Up,Michelle Tea,7 hrs and 11 mins
Lachlan,D. B. Reynolds,10 hrs and 27 mins
When He's Ruthless,Suzanne Wright,11 hrs
A Rebel's Manifesto,Sean McDowell,4 hrs and 28 mins
MeatEater's Campfire Stories: Narrow Escapes & More Close Calls,"Steven Rinella,Clay Newcomb,Vince Merritt,Allen Jone,Kimi Werner,Roy Getson,Casey Frank,Cory Holloway,Cameron Kirkconnell,Bruce Batten,Vic Barnes",5 hrs and 4 mins
Cold Evidence,Robin James,7 hrs and 47 mins
It Starts with Us,Colleen Hoover,Not Yet Known
Hidden Bones,Rita Herron,8 hrs and 58 mins
The Do-Over,T L Swan,13 hrs and 10 mins
Savage Prince,Sophie Winters,9 hrs and 46 mins
Phoebe's Tale: From His Shadow,Garon Whited,22 hrs and 42 mins
Local Girl Missing,Lisa Regan,11 hrs and 52 mins
Redemption,Mike Lawson,8 hrs and 44 mins
"Spacers, Part 4",Scott Bartlett,11 hrs and 34 mins
Lovely Bad Things,Trisha Wolfe,7 hrs and 19 mins
Roadkill,Dennis E. Taylor,8 hrs and 58 mins
Elvis and Me,Priscilla Beaulieu Presley,7 hrs and 30 mins
The King's Signet Ring,"Chuck D. Pierce,Alemu Beeftu,Dutch Sheets - foreword",6 hrs and 14 mins
Hell and Back,Craig Johnson,9 hrs and 39 mins
Signal Moon,Kate Quinn,1 hr and 22 mins
The Whole Counsel of God,Stephen De Young,3 hrs and 14 mins
The Brain over Binge Recovery Guide,Kathryn Hansen,10 hrs and 20 mins
City of Blood,Jocelynn Drake,9 hrs and 47 mins
Grizzly Killer,Lane R. Warenski,8 hrs and 17 mins
Gallows Bridge,"Caroline Peckham,Susanne Valenti",17 hrs and 57 mins
The Price of Time,Edward Chancellor,15 hrs and 7 mins
The ATI TEAS 7 Test of Essential Academic Skills Study Guide,"Leah Washington,Scientia Media Group",12 hrs and 48 mins
Just Plea,Michael Stagg,12 hrs and 5 mins
God of Malice,Rina Kent,15 hrs and 30 mins
Off Balance,Jay Hogan,10 hrs and 26 mins
I'm Glad My Mom Died,Jennette McCurdy,6 hrs and 50 mins
Personal,Alexandria House,6 hrs and 23 mins
What If? 2,Randall Munroe,8 hrs
American Ripper,Patrick Kendrick,19 hrs and 33 mins
Dark Whispers from Afar,I. T. Lucas,8 hrs and 14 mins
Flame and Fortune,Jana DeLeon,8 hrs and 30 mins
The War Girls,V. S. Alexander,16 hrs and 24 mins
I'm Glad My Mom Died,Jennette McCurdy,6 hrs and 50 mins
"Girl, Forgotten",Karin Slaughter,15 hrs and 45 mins
Personal,Alexandria House,6 hrs and 23 mins
What If? 2,Randall Munroe,8 hrs
American Ripper,Patrick Kendrick,19 hrs and 33 mins
Hunger,Nicoli Gonnella,28 hrs and 7 mins
Dark Whispers from Afar,I. T. Lucas,8 hrs and 14 mins
Flame and Fortune,Jana DeLeon,8 hrs and 30 mins
Safe and Sound,E.M. Lindsey,6 hrs and 51 mins
Archer's Voice,Mia Sheridan,11 hrs and 7 mins
Noble Roots,Drew Hayes,23 hrs and 36 mins
The Bullet That Missed,Richard Osman,Not Yet Known
"First Command Box Set: Spacers, Books 1-6",Scott Bartlett,43 hrs and 54 mins
The Primal Hunter 3,Zogarth,18 hrs and 23 mins
Sin,Jolie Vines,8 hrs and 47 mins
The Return,Dick Morris,6 hrs and 47 mins
Put Your Ass Where Your Heart Wants to Be,Steven Pressfield,1 hr and 55 mins
Wayward Wisteria,Angela Pepper,8 hrs and 31 mins
How to Be a Boss B*tch,"Christine Quinn,Rachel Holtzman",7 hrs and 43 mins
"Friends, Lovers, and the Big Terrible Thing",Matthew Perry,Not Yet Known
Knot So Perfect Omega,Maya Nicole,7 hrs
My Dead World: Book 4,Jacqueline Druga,5 hrs and 46 mins
Mike Bravo Ops: Rogue,Eden Finley,7 hrs and 35 mins
The Tyrant Alpha's Rejected Mate,Cate C. Wells,12 hrs and 23 mins
The Return,Dick Morris,6 hrs and 47 mins
Overkill,Sandra Brown,10 hrs and 10 mins
The Housemaid,Freida McFadden,9 hrs and 41 mins
Whirlwind,John Ferling,18 hrs and 22 mins
The Hitchhiker's Guide to the Galaxy,Douglas Adams,5 hrs and 51 mins
The Magic of Thinking Big,David Schwartz,9 hrs and 31 mins
Timeless,"Wayne Stinnett,John H. Cunningham,Nick Sullivan,Nicholas Harvey",8 hrs and 44 mins
Reborn,D.I. Freed,23 hrs and 51 mins
Broken Bonds,J Bree,8 hrs and 51 mins
The Virgin Next Door,Lauren Blakely,6 hrs and 11 mins
Both/and Thinking,"Wendy Smith,Marianne Lewis,Amy C. Edmondson - foreword",9 hrs and 47 mins
The Mystery of Montague Morgan,Karen Baugh Menuhin,8 hrs and 24 mins
Nona the Ninth,Tamsyn Muir,17 hrs and 46 mins
Mine to Hold,Natasha Madison,6 hrs and 35 mins
The Wraithbone Phoenix,Alec Worley,11 hrs and 6 mins
The Magic of Thinking Big,David Schwartz,9 hrs and 31 mins
The Virgin Next Door,Lauren Blakely,6 hrs and 11 mins
Raw,Misty Vixen,8 hrs and 1 min
The Mystery of Montague Morgan,Karen Baugh Menuhin,8 hrs and 24 mins
Broken Bonds,J Bree,8 hrs and 51 mins
Monroe Doctrine: Volume V,"James Rosone,Alex Aaronson",13 hrs and 40 mins
The Wraithbone Phoenix,Alec Worley,11 hrs and 6 mins
The 21 Irrefutable Laws of Leadership: 25th Anniversary,John C. Maxwell,9 hrs and 32 mins
The 6:20 Man,David Baldacci,11 hrs and 48 mins
Where the Sky Begins,Rhys Bowen,11 hrs and 11 mins
Secrets of Mind Manipulation,Mickey Royal,3 hrs and 13 mins
Twisted Love,Ana Huang,10 hrs and 41 mins
Elemental Magic: The Complete Series,Chandelle LaVaun,40 hrs and 59 mins
La guía práctica para ser feliz [The Practical Guide to Be Happy],Elán,1 hr and 57 mins
The Jigsaw Assassin,Catherine Asaro,16 hrs and 24 mins
Outgunned,Denny Flowers,10 hrs
Tempted by Danger,Endiya Carter,12 hrs and 17 mins
Reborn,D.I. Freed,23 hrs and 51 mins
To Kill a Mockingbird,Harper Lee,12 hrs and 17 mins
All Good People Here,Ashley Flowers,10 hrs and 35 mins
Sapiens,Yuval Noah Harari,15 hrs and 18 mins
Strong in Battle,Susie Larson,7 hrs and 38 mins
The Five Dysfunctions of a Team,Patrick Lencioni,3 hrs and 42 mins
Adult Children of Emotionally Immature Parents,Lindsay C. Gibson PsyD,6 hrs and 50 mins
Good to Great,Jim Collins,10 hrs and 1 min
"The 4-Hour Workweek: Escape 9-5, Live Anywhere, and Join the New Rich (Expanded and Updated)",Timothy Ferriss,13 hrs and 1 min
Fahrenheit 451,Ray Bradbury,5 hrs and 1 min
Blue Shift,"J.N. Chaney,Terry Maggert",11 hrs and 20 mins
Empath and Narcissist,Pamela Stewart,21 hrs and 27 mins
"The Truth About Energy, Global Warming, and Climate Change","Jerome R. Corsi PhD,Marc Morano - foreword",15 hrs and 26 mins
Tongue Eater,John Bierce,20 hrs and 2 mins
The Chemist,Stephenie Meyer,17 hrs and 1 min
Crucial Conversations (Third Edition),"Joseph Grenny,Kerry Patterson,Ron McMillan,Al Switzler,Emily Gregory",7 hrs and 45 mins
The Quitter’s Manifesto,"Tim Rhode,Pat Hiban",2 hrs and 9 mins
The Girl in the Spider's Web,David Lagercrantz,13 hrs and 23 mins
Marriage Is Murder,Aimee Nicole Walker,8 hrs and 52 mins
Convergence,Craig Alanson,16 hrs and 56 mins
Resilient,John Eldredge,6 hrs and 41 mins
The Metaverse,Matthew Ball,13 hrs and 38 mins
Praise,Sara Cate,10 hrs and 37 mins
El caso Alaska Sanders [The Alaskan Sanders Case],Joël Dicker,17 hrs and 33 mins
Dark Class,Michelle Diener,13 hrs
Dragon's Justice 4,Bruce Sentar,10 hrs and 36 mins
Holy Moments,Matthew Kelly,2 hrs and 43 mins
Mars System Reboot,Dave Willmarth,15 hrs and 33 mins
The Diary of St. Maria Faustina Kowalska,Saint Maria Faustina Kowalska,30 hrs and 9 mins
The Genesis of Gender,Abigail Favale,7 hrs and 11 mins
The Romance of Reality,Bobby Azarian,12 hrs and 8 mins
The Rational Male - The Players Handbook,Rollo Tomassi,12 hrs and 33 mins
Always,Loren Leigh,8 hrs and 34 mins
Desert Star,Michael Connelly,Not Yet Known
Ruby Fever,Ilona Andrews,12 hrs and 26 mins
My Fake Fiancé,Piper Rayne,6 hrs and 10 mins
Born a Crime,Trevor Noah,8 hrs and 44 mins
Wildflower,Drew Barrymore,7 hrs and 5 mins
Daisy Darker,Alice Feeney,10 hrs and 54 mins
How Did You Survive Alone?,"Ki Brightly,M.D. Gregory",13 hrs and 33 mins
Heart of Lies,Lisa Edmonds,19 hrs and 44 mins
Wild Fire,"Nicholas Sansbury Smith,Anthony Melchiorri",11 hrs and 9 mins
Vigil's Justice,James A. Hunter,13 hrs and 27 mins
The Romance of Reality,Bobby Azarian,12 hrs and 8 mins
Always,Loren Leigh,8 hrs and 34 mins
Desert Star,Michael Connelly,Not Yet Known
Ruby Fever,Ilona Andrews,12 hrs and 26 mins
My Fake Fiancé,Piper Rayne,6 hrs and 10 mins
Born a Crime,Trevor Noah,8 hrs and 44 mins
Traction,Gino Wickman,6 hrs and 56 mins
Wildflower,Drew Barrymore,7 hrs and 5 mins
Daisy Darker,Alice Feeney,10 hrs and 54 mins
SafeHaven,Xander Jade,10 hrs and 7 mins
Dangerous Gamble,Daniel Schinhofen,12 hrs and 47 mins
How Did You Survive Alone?,"Ki Brightly,M.D. Gregory",13 hrs and 33 mins
Heartbreaker,Sarah MacLean,12 hrs and 16 mins
Wild Fire,"Nicholas Sansbury Smith,Anthony Melchiorri",11 hrs and 9 mins
Vigil's Justice,James A. Hunter,13 hrs and 27 mins
Never Split the Difference,Chris Voss,8 hrs and 7 mins
The Untethered Soul,Michael A. Singer,6 hrs and 11 mins
The Alchemist,Paulo Coelho,4 hrs
The Millionaire Next Door,"Thomas J. Stanley Ph.D.,William D. Danko Ph.D.",8 hrs and 16 mins
Eragon,Christopher Paolini,16 hrs and 22 mins
Essentialism,Greg McKeown,6 hrs and 14 mins
The Intelligent Investor Rev Ed.,Benjamin Graham,17 hrs and 48 mins
Grit,Angela Duckworth,9 hrs and 22 mins
The Challenge,Danielle Steel,6 hrs and 48 mins
Soul Fraud,Andrew Givler,10 hrs and 39 mins
Superpowers Unlocked,Justin Trublood,10 hrs and 20 mins
The Killings at Badger’s Drift,Caroline Graham,8 hrs and 22 mins
The Hunt,Faye Kellerman,17 hrs and 12 mins
Autodisciplina diaria y Procrastinación 2 audiolibros en 1 [Daily Self-Discipline and Procrastination 2 Audiobooks in 1],Happy Academy,4 hrs and 26 mins
In the Pines,Kendra Elliot,8 hrs and 51 mins
King of Battle and Blood,Scarlett St. Clair,12 hrs and 26 mins
Transformer,Nick Lane,10 hrs and 55 mins
Shoe Dog,Phil Knight,13 hrs and 21 mins
Killers of the Flower Moon,David Grann,9 hrs and 4 mins
Lend to Live,"Alexandria Breshears,Beth Pinkley Johnson",8 hrs and 27 mins
Black Hamptons,"Carl Weber,La Jill Hunt",10 hrs and 23 mins
Do No Harm,Robert Pobi,11 hrs and 58 mins
Vindicta,Steven Konkoly,10 hrs and 1 min
The Heir of Shadows,Candice Wright,8 hrs and 15 mins
Full,Julia Spiro,9 hrs and 13 mins
Zero Recall,Sara King,19 hrs and 20 mins
Revenge in the Roses,Dale Mayer,5 hrs and 41 mins
And Then There Were None,Agatha Christie,6 hrs and 1 min
Murder at the Priory Hotel,Merryn Allingham,7 hrs and 35 mins
The False Hero: Volume 5,Michael Plymel,12 hrs and 28 mins
Heartbreaker,Sarah MacLean,12 hrs and 16 mins
Black Dog,Stuart Woods,6 hrs and 16 mins
Dangerous Gamble,Daniel Schinhofen,12 hrs and 47 mins
Unforgivable,Natalie Barelli,9 hrs and 37 mins
The Words,Ashley Jade,16 hrs and 50 mins
"Boldly, Nobly, and Independent: 1893-1955",The Church of Jesus Christ of Latter-day Saints,16 hrs and 39 mins
Bonds of Blood,"J.N. Chaney,Terry Mixon",8 hrs and 16 mins
Wild Jasmine,Bertrice Small,20 hrs and 56 mins
Peanut Butter Panic,Amanda Flower,8 hrs and 46 mins
Husband Material,Alexis Hall,13 hrs and 35 mins
The Seventh Princess,D.C. Haenlien,12 hrs
The Dungeon Phoenix,Konrad Ryan,17 hrs and 9 mins
Take Your Breath Away,Linwood Barclay,10 hrs and 1 min
Shadowrun,Russell Zimmerman,8 hrs
WomanCode,Alisa Vitti,7 hrs and 49 mins
Twisted Hate,Ana Huang,15 hrs
Black Dog,Stuart Woods,6 hrs and 16 mins
Legends & Lattes,Travis Baldree,6 hrs and 22 mins
Unforgivable,Natalie Barelli,9 hrs and 37 mins
"Boldly, Nobly, and Independent: 1893-1955",The Church of Jesus Christ of Latter-day Saints,16 hrs and 39 mins
The Words,Ashley Jade,16 hrs and 50 mins
The Rational Male - The Players Handbook,Rollo Tomassi,12 hrs and 33 mins
Wild Jasmine,Bertrice Small,20 hrs and 56 mins
Elizabeth's Star,Rhonda Forrest,7 hrs and 56 mins
Peanut Butter Panic,Amanda Flower,8 hrs and 46 mins
Husband Material,Alexis Hall,13 hrs and 35 mins
Raising Emotionally Strong Boys,"David Thomas LMSW,Sissy Goff - foreword",5 hrs and 4 mins
The Dungeon Phoenix,Konrad Ryan,17 hrs and 9 mins
Reckoning,Catherine Coulter,11 hrs and 50 mins
Take Your Breath Away,Linwood Barclay,10 hrs and 1 min
Long Live the Pumpkin Queen,Shea Ernshaw,6 hrs and 28 mins
WomanCode,Alisa Vitti,7 hrs and 49 mins
"Bud, Not Buddy",Christopher Paul Curtis,5 hrs and 14 mins
A Really Good Day,Ayelet Waldman,7 hrs and 37 mins
My Story of Us: Thomas,"Smartypants Romance,Chris Brinkley",2 hrs and 8 mins
The Original Folk and Fairy Tales of the Brothers Grimm,"Jacob Grimm,Wilhelm Grimm,Jack Zipes - translator/editor",19 hrs and 14 mins
Heartstrings,Rachel Spangler,10 hrs and 8 mins
Forged in Steele,Susan Sleeman,10 hrs and 6 mins
American Kingpin,Nick Bilton,12 hrs and 14 mins
What She Found,Robert Dugoni,10 hrs and 1 min
The Dance of Anger,Harriet Lerner,6 hrs and 50 mins
Pre-Suasion,Robert B. Cialdini,9 hrs and 24 mins
Ghost,Jason Reynolds,3 hrs and 29 mins
Just Kids,Patti Smith,9 hrs and 50 mins
Leading Change,John P. Kotter,6 hrs and 34 mins
We Have Always Lived in the Castle,Shirley Jackson,5 hrs and 32 mins
Death in Yellowstone,Lee H. Whittlesey,13 hrs and 26 mins
The Ultimate Personal Power Classics Library,"Neville Goddard,George S. Clason,Niccolò Machiavelli",12 hrs and 22 mins
Flight Behavior,Barbara Kingsolver,16 hrs and 56 mins
Enemy of God,Bernard Cornwell,18 hrs and 11 mins
Legends & Lattes,Travis Baldree,6 hrs and 22 mins
Zero to One,"Peter Thiel,Blake Masters",4 hrs and 50 mins
The Miracle Morning,Hal Elrod,4 hrs and 57 mins
The Boys in the Boat,Daniel James Brown,14 hrs and 24 mins
The ONE Thing,"Gary Keller,Jay Papasan",5 hrs and 28 mins
The Energy Bus,Jon Gordon,2 hrs and 39 mins
Alexander Hamilton,Ron Chernow,35 hrs and 58 mins
Ikigai,"Héctor García,Francesc Miralles",3 hrs and 18 mins
Shogun,James Clavell,53 hrs and 33 mins
The Happiness Advantage,Shawn Achor,7 hrs and 19 mins
Secrets of the Millionaire Mind,T. Harv Eker,5 hrs and 10 mins
Slaughterhouse-Five,Kurt Vonnegut,5 hrs and 13 mins
Bossypants,Tina Fey,5 hrs and 32 mins
Being Mortal,Atul Gawande,9 hrs and 3 mins
The Seat of the Soul,Gary Zukav,10 hrs and 12 mins
The Hero with a Thousand Faces,Joseph Campbell,14 hrs and 37 mins
A Thousand Splendid Suns,Khaled Hosseini,11 hrs and 43 mins
Year of Yes,Shonda Rhimes,7 hrs and 4 mins
Napoleon,Andrew Roberts,32 hrs and 56 mins
Catch-22,Joseph Heller,19 hrs and 58 mins
Their Eyes Were Watching God,Zora Neale Hurston,6 hrs and 44 mins
Neuromancer,William Gibson,10 hrs and 31 mins
Shantaram,Gregory David Roberts,42 hrs and 59 mins
Red Notice,Bill Browder,14 hrs and 7 mins
Oh Crap! Potty Training,Jamie Glowacki,8 hrs and 4 mins
The Boys in the Boat,Daniel James Brown,14 hrs and 24 mins
The ONE Thing,"Gary Keller,Jay Papasan",5 hrs and 28 mins
The Energy Bus,Jon Gordon,2 hrs and 39 mins
Alexander Hamilton,Ron Chernow,35 hrs and 58 mins
Down the Rabbit Hole,Holly Madison,10 hrs and 51 mins
Secrets of the Millionaire Mind,T. Harv Eker,5 hrs and 10 mins
The Happiness Advantage,Shawn Achor,7 hrs and 19 mins
Slaughterhouse-Five,Kurt Vonnegut,5 hrs and 13 mins
Shogun,James Clavell,53 hrs and 33 mins
"The Case for Christ, Revised & Updated",Lee Strobel,10 hrs and 49 mins
Being Mortal,Atul Gawande,9 hrs and 3 mins
Bossypants,Tina Fey,5 hrs and 32 mins
Ikigai,"Héctor García,Francesc Miralles",3 hrs and 18 mins
The Hero with a Thousand Faces,Joseph Campbell,14 hrs and 37 mins
The Seat of the Soul,Gary Zukav,10 hrs and 12 mins
Catch-22,Joseph Heller,19 hrs and 58 mins
Year of Yes,Shonda Rhimes,7 hrs and 4 mins
Their Eyes Were Watching God,Zora Neale Hurston,6 hrs and 44 mins
A Thousand Splendid Suns,Khaled Hosseini,11 hrs and 43 mins
Napoleon,Andrew Roberts,32 hrs and 56 mins
On One Condition,K. Bromberg,8 hrs and 18 mins
How to Steal a Thief,AJ Sherwood,8 hrs and 14 mins
Wolf King,Lindsey Devin,10 hrs and 59 mins
Operation Pineapple Express,Scott Mann,10 hrs and 34 mins
Apocalypse Cultivator 3,Jack Bryce,7 hrs and 41 mins
Aurora: EV-01,Ryk Brown,8 hrs
Made to Stick,"Chip Heath,Dan Heath",8 hrs and 37 mins
The Big Short,Michael Lewis,9 hrs and 27 mins
Bold,Sean Feucht,5 hrs and 54 mins
Twisted Games,Ana Huang,13 hrs and 14 mins
The Common Sense Way,Pete Blaber,7 hrs and 53 mins
Hidden in Time,Sarah Woodbury,8 hrs and 31 mins
Rains of Liscor,pirateaba,33 hrs and 52 mins
Bad Moon Academy,Rory Miles,21 hrs and 9 mins
Nights of Silk and Sapphire,Amber Jacobs,13 hrs and 24 mins
Dreamland,Nicholas Sparks,9 hrs and 47 mins
There's Just One Problem...,Brian Gewirtz,9 hrs and 20 mins
Wonder,R. J. Palacio,7 hrs and 10 mins
Fangs Out,"J.N. Chaney,Chris Kennedy",9 hrs and 42 mins
Long Way Down,Jason Reynolds,1 hr and 43 mins
Eversion,Alastair Reynolds,10 hrs and 3 mins
The Other Realm,Heather G. Harris,26 hrs and 23 mins
Perfect Target,Barbara Freethy,10 hrs and 2 mins
"God, Sex, and Your Marriage",Dr. Juli Slattery,4 hrs and 59 mins
The Choice,Nora Roberts,10 hrs
Leading Lightly,Jody Michael,7 hrs and 11 mins
On One Condition,K. Bromberg,8 hrs and 18 mins
How to Steal a Thief,AJ Sherwood,8 hrs and 14 mins
Wolf King,Lindsey Devin,10 hrs and 59 mins
Operation Pineapple Express,Scott Mann,10 hrs and 34 mins
A Little Life,Hanya Yanagihara,32 hrs and 51 mins
The Leadership Challenge Sixth Edition,"James M. Kouzes,Barry Posner",11 hrs and 4 mins
The Big Short,Michael Lewis,9 hrs and 27 mins
Nights of Silk and Sapphire,Amber Jacobs,13 hrs and 24 mins
Bold,Sean Feucht,5 hrs and 54 mins
The Ninth Month,"James Patterson,Richard DiLallo",12 hrs and 11 mins
The Common Sense Way,Pete Blaber,7 hrs and 53 mins
Rains of Liscor,pirateaba,33 hrs and 52 mins
Bad Moon Academy,Rory Miles,21 hrs and 9 mins
Fangs Out,"J.N. Chaney,Chris Kennedy",9 hrs and 42 mins
The Master and Margarita,Mikhail Bulgakov,16 hrs and 52 mins
"Strong Fathers, Strong Daughters",Meg Meeker,7 hrs and 4 mins
Hairy Humanoids,Andy McGrath,11 hrs and 9 mins
Stories of Jedi and Sith,"Roseanne A. Brown,Sarwat Chadda,Alex Segura,Delilah S. Dawson,Karen Strong,Michael Kogge,Michael Moreci,Sam Maggs,Tessa Gratton,Vera Strange",6 hrs and 1 min
Knowing God,J. I. Packer,10 hrs
The Road Less Traveled,M. Scott Peck M.D.,4 hrs and 23 mins
The Exorcist,William Peter Blatty,12 hrs and 51 mins
The Celestine Prophecy,James Redfield,8 hrs and 27 mins
Invisible Man,Ralph Ellison,18 hrs and 36 mins
Life of a Freelancer,G.S. D'Moore,12 hrs
Death and Fromage,Ian Moore,7 hrs and 43 mins
Mage of No Renown,Kel Kade,10 hrs and 30 mins
Lighter,Yung Pueblo,8 hrs
Don't Let Go,Sheryl Wright,9 hrs and 38 mins
The Challenge,Danielle Steel,6 hrs and 48 mins
The Innovator's Dilemma,Clayton M. Christensen,8 hrs and 37 mins
The First Fifteen Lives of Harry August,Claire North,12 hrs and 10 mins
Fierce Conversations,Susan Craig Scott M.D.,13 hrs and 33 mins
"A Patriot’s History of the United States, Updated Edition","Larry Schweikart,Michael Allen",55 hrs and 43 mins
The Tiger,John Vaillant,12 hrs and 5 mins
"First, Break All the Rules","Marcus Buckingham,Gallup Press,Jim Harter - foreword",9 hrs and 51 mins
Number the Stars,Lois Lowry,2 hrs and 45 mins
13 Hours,"Mitchell Zuckoff,Annex Security Team",7 hrs and 43 mins
"Never Eat Alone, Expanded and Updated","Keith Ferrazzi,Tahl Raz",13 hrs and 49 mins
Swan Song,Robert R. McCammon,34 hrs and 19 mins
Why We Sleep,Matthew Walker,13 hrs and 52 mins
Shields of Strathmar,Marc Mulero,14 hrs and 51 mins
Raw,Misty Vixen,8 hrs and 1 min
Yellow Crocus,Laila Ibrahim,8 hrs and 21 mins
La cabeza de mi padre [My Father’s Head],Alma Delia Murillo,5 hrs and 55 mins
A Return to Love,Marianne Williamson,2 hrs and 40 mins
A Child Called 'It',David Pelzer,3 hrs and 46 mins
1491,Charles C. Mann,16 hrs and 17 mins
Red Queen,Victoria Aveyard,12 hrs and 39 mins
Starship Troopers,Robert A. Heinlein,9 hrs and 52 mins
The Choice,Dr. Edith Eva Eger,12 hrs and 26 mins
The Alien's Kidnapped Omega,Sienna Sway,5 hrs and 21 mins
The Girl Who Came Home,Hazel Gaynor,9 hrs and 40 mins
Frenchman's Creek,Daphné du Maurier,8 hrs and 47 mins
Beach Lawyer,Avery Duff,11 hrs and 35 mins
Autobiography of a Yogi,Paramahansa Yogananda,17 hrs and 50 mins
Getting Things Done,David Allen,10 hrs and 23 mins
One Second After,William R. Forstchen,13 hrs and 17 mins
The Purpose Driven Life,Rick Warren,9 hrs and 38 mins
The Giver,Lois Lowry,4 hrs and 49 mins
The Outsiders,S. E. Hinton,5 hrs and 8 mins
Psycho-Cybernetics,Maxwell Maltz,12 hrs and 16 mins
Rare Objects,Kathleen Tessaro,13 hrs and 28 mins
Just Mercy (Movie Tie-In Edition),Bryan Stevenson,11 hrs and 11 mins
The Stranger in the Woods,Michael Finkel,6 hrs and 19 mins
Salt to the Sea,Ruta Sepetys,8 hrs and 47 mins
"Where'd You Go, Bernadette",Maria Semple,9 hrs and 35 mins
Genghis Khan and the Making of the Modern World,Jack Weatherford,14 hrs and 20 mins
"The Case for Christ, Revised & Updated",Lee Strobel,10 hrs and 49 mins
The Lean Startup,Eric Ries,8 hrs and 38 mins
The Things They Carried,Tim O'Brien,7 hrs and 47 mins
Down the Rabbit Hole,Holly Madison,10 hrs and 51 mins
The Goal,"Eliyahu M. Goldratt,Jeff Cox",11 hrs and 45 mins
American Wolf,Nate Blakeslee,9 hrs and 13 mins
Wild,Cheryl Strayed,13 hrs and 2 mins
The Girl Who Came Home,Hazel Gaynor,9 hrs and 40 mins
Frenchman's Creek,Daphné du Maurier,8 hrs and 47 mins
Beach Lawyer,Avery Duff,11 hrs and 35 mins
Quiet,Susan Cain,10 hrs and 39 mins
Getting Things Done,David Allen,10 hrs and 23 mins
The Giver,Lois Lowry,4 hrs and 49 mins
The Purpose Driven Life,Rick Warren,9 hrs and 38 mins
Just Mercy (Movie Tie-In Edition),Bryan Stevenson,11 hrs and 11 mins
One Second After,William R. Forstchen,13 hrs and 17 mins
The Outsiders,S. E. Hinton,5 hrs and 8 mins
Autobiography of a Yogi,Paramahansa Yogananda,17 hrs and 50 mins
Psycho-Cybernetics,Maxwell Maltz,12 hrs and 16 mins
The Lean Startup,Eric Ries,8 hrs and 38 mins
The Things They Carried,Tim O'Brien,7 hrs and 47 mins
The Goal,"Eliyahu M. Goldratt,Jeff Cox",11 hrs and 45 mins
Genghis Khan and the Making of the Modern World,Jack Weatherford,14 hrs and 20 mins
Salt to the Sea,Ruta Sepetys,8 hrs and 47 mins
"Where'd You Go, Bernadette",Maria Semple,9 hrs and 35 mins
Holes,Louis Sachar,4 hrs and 30 mins
Rare Objects,Kathleen Tessaro,13 hrs and 28 mins
The Omnivore's Dilemma,Michael Pollan,15 hrs and 53 mins
A Darker Shade of Magic,V. E. Schwab,11 hrs and 34 mins
The Science of Getting Rich,Wallace D. Wattles,2 hrs and 28 mins
Talk Like TED,Carmine Gallo,7 hrs and 42 mins
One of Us Is Lying (TV Series Tie-In Edition),Karen M. McManus,10 hrs and 43 mins
Contagious,Jonah Berger,6 hrs and 50 mins
The Unseen Realm,Dr. Michael S. Heiser,15 hrs and 43 mins
East of Eden,John Steinbeck,25 hrs and 23 mins
What Your Food Ate,"David R. Montgomery,Anne Biklé",15 hrs and 53 mins
The Agatha Christie Collection: 30 Books,Agatha Christie,46 hrs and 11 mins
Dungeon Market,"Wolfe Locke,Mike Caliban",7 hrs and 16 mins
The Guns of August,Barbara W. Tuchman,19 hrs and 9 mins
Fabric,Victoria Finlay,17 hrs and 30 mins
The Once and Future King,T. H. White,33 hrs
Best Friend Trouble,Alex McAnders,20 hrs and 48 mins
The Ex-Husband,Samantha Hayes,10 hrs and 2 mins
Rook,L. Ann,9 hrs and 12 mins
The Lady and the Orc,Finley Fenn,14 hrs and 20 mins
The Breathing Cure,Patrick McKeown,16 hrs and 29 mins
The Fifth Season,N. K. Jemisin,15 hrs and 27 mins
The Time Traveler's Wife,Audrey Niffenegger,17 hrs and 38 mins
Best Friend Trouble,Alex McAnders,20 hrs and 48 mins
The Shack,William P. Young,9 hrs and 15 mins
Talk Like TED,Carmine Gallo,7 hrs and 42 mins
The Seven Storey Mountain,Thomas Merton,2 hrs and 33 mins
13 Things Mentally Strong People Don't Do,Amy Morin,6 hrs and 36 mins
Lean In,Sheryl Sandberg,6 hrs and 27 mins
Falling Upward,Richard Rohr,6 hrs and 27 mins
I Am Malala,"Malala Yousafzai,Christina Lamb - contributor",9 hrs and 55 mins
The Unseen Realm,Dr. Michael S. Heiser,15 hrs and 43 mins
Contagious,Jonah Berger,6 hrs and 50 mins
East of Eden,John Steinbeck,25 hrs and 23 mins
Dungeon Market,"Wolfe Locke,Mike Caliban",7 hrs and 16 mins
The Guns of August,Barbara W. Tuchman,19 hrs and 9 mins
3rd Degree: Booktrack Edition,"James Patterson,Andrew Gross",6 hrs and 46 mins
Torment,Jeremy Robinson,9 hrs and 59 mins
The Ex-Husband,Samantha Hayes,10 hrs and 2 mins
Debt - Updated and Expanded,David Graeber,17 hrs and 48 mins
Honor,Thrity Umrigar,11 hrs and 19 mins
The Breathing Cure,Patrick McKeown,16 hrs and 29 mins
Station Eleven (Television Tie-in),Emily St. John Mandel,10 hrs and 40 mins
The Ideal Team Player,Patrick M. Lencioni,5 hrs and 3 mins
The $100 Startup,Chris Guillebeau,8 hrs and 14 mins
The Goldfinch,Donna Tartt,32 hrs and 24 mins
Wild at Heart,John Eldredge,8 hrs and 20 mins
The Mindbody Prescription,John E. Sarno M.D.,7 hrs and 4 mins
Trump: The Art of the Deal,"Donald J. Trump,Tony Schwartz",9 hrs and 59 mins
The New Jim Crow,Michelle Alexander,16 hrs and 57 mins
Divergent,Veronica Roth,11 hrs and 11 mins
"The Go-Giver, Expanded Edition","Bob Burg,John David Mann",2 hrs and 54 mins
Antifragile,Nassim Nicholas Taleb,16 hrs and 14 mins
Gardens of the Moon,Steven Erikson,26 hrs and 3 mins
The Speed of Trust,Stephen M. R. Covey,12 hrs and 13 mins
Rocket Fuel,"Gino Wickman,Mark C. Winters",4 hrs and 26 mins
Switch,"Dan Heath,Chip Heath",7 hrs and 43 mins
Journey of Souls,Michael Newton,11 hrs and 18 mins
They Both Die at the End,Adam Silvera,8 hrs and 30 mins
Fervent,Priscilla Shirer,4 hrs and 25 mins
Charlie and the Chocolate Factory,Roald Dahl,3 hrs and 18 mins
Feeling Good,David D. Burns MD,13 hrs and 20 mins
The Ideal Team Player,Patrick M. Lencioni,5 hrs and 3 mins
Station Eleven (Television Tie-in),Emily St. John Mandel,10 hrs and 40 mins
The Prince,Niccolo Machiavelli,4 hrs and 47 mins
The $100 Startup,Chris Guillebeau,8 hrs and 14 mins
The New Jim Crow,Michelle Alexander,16 hrs and 57 mins
The Goldfinch,Donna Tartt,32 hrs and 24 mins
Assata,"Assata Shakur,Angela Davis - foreword",12 hrs and 18 mins
Wild at Heart,John Eldredge,8 hrs and 20 mins
The Mindbody Prescription,John E. Sarno M.D.,7 hrs and 4 mins
Antifragile,Nassim Nicholas Taleb,16 hrs and 14 mins
"The Go-Giver, Expanded Edition","Bob Burg,John David Mann",2 hrs and 54 mins
Trump: The Art of the Deal,"Donald J. Trump,Tony Schwartz",9 hrs and 59 mins
How Will You Measure Your Life?,"Clayton M. Christensen,James Allworth",5 hrs and 28 mins
The Universe Has Your Back,Gabrielle Bernstein,4 hrs and 30 mins
Gardens of the Moon,Steven Erikson,26 hrs and 3 mins
The Speed of Trust,Stephen M. R. Covey,12 hrs and 13 mins
Divergent,Veronica Roth,11 hrs and 11 mins
Rocket Fuel,"Gino Wickman,Mark C. Winters",4 hrs and 26 mins
Charlie and the Chocolate Factory,Roald Dahl,3 hrs and 18 mins
Switch,"Dan Heath,Chip Heath",7 hrs and 43 mins
Journey of Souls,Michael Newton,11 hrs and 18 mins
The Advantage,Patrick Lencioni,5 hrs and 25 mins
They Both Die at the End,Adam Silvera,8 hrs and 30 mins
Why Does He Do That?,Lundy Bancroft,13 hrs and 32 mins
A Child Called 'It',David Pelzer,3 hrs and 46 mins
The Ramona Quimby Audio Collection,"Beverly Cleary,Tracy Dockray",18 hrs and 56 mins
The Science of Getting Rich,Wallace D. Wattles,2 hrs and 28 mins
Feeling Good,David D. Burns MD,13 hrs and 20 mins
A Return to Love,Marianne Williamson,2 hrs and 40 mins
1491,Charles C. Mann,16 hrs and 17 mins
Fervent,Priscilla Shirer,4 hrs and 25 mins
Made to Stick,"Chip Heath,Dan Heath",8 hrs and 37 mins
On the Road,Jack Kerouac,11 hrs and 8 mins
The Martyr,Anthony Ryan,19 hrs and 42 mins
Gleam,Raven Kennedy,21 hrs and 1 min
The Art of Seduction,Robert Greene,5 hrs and 9 mins
The Cabinet of Dr. Leng,"Douglas Preston,Lincoln Child",13 hrs and 30 mins
Unbroken,Laura Hillenbrand,13 hrs and 56 mins
Slightly South of Simple,Kristy Woodson Harvey,9 hrs and 24 mins
"Solar Dragons Need Love, Too! 1",Virgil Knightley,10 hrs and 38 mins
The Girl Who Loved Tom Gordon,Stephen King,6 hrs and 29 mins
Descendants of War: The Complete Series,G J Ogden,54 hrs and 21 mins
The Seven Storey Mountain,Thomas Merton,2 hrs and 33 mins
In Order to Live,Yeonmi Park,9 hrs and 37 mins
The Seven Levels of Intimacy,Matthew Kelly,4 hrs and 55 mins
Lean In,Sheryl Sandberg,6 hrs and 27 mins
The Shack,William P. Young,9 hrs and 15 mins
The Success Principles(TM) - 10th Anniversary Edition,"Jack Canfield,Janet Switzer",21 hrs and 46 mins
Falling Upward,Richard Rohr,6 hrs and 27 mins
I Am Malala,"Malala Yousafzai,Christina Lamb - contributor",9 hrs and 55 mins
COVID-19 and the Global Predators,"Peter Roger Breggin,Ginger Breggin",24 hrs and 9 mins
The Rise and Fall of the Neoliberal Order,Gary Gerstle,13 hrs and 21 mins
The Graveside Bar and Grill,Darynda Jones,2 hrs and 42 mins
Nightfall,David Estes,42 hrs and 41 mins
Debt - Updated and Expanded,David Graeber,17 hrs and 48 mins
Fatal Witness,Robert Bryndza,9 hrs and 29 mins
The Light Between Us,Laura Lynne Jackson,8 hrs
The Dragonbone Chair,Tad Williams,33 hrs and 12 mins
The Communist Manifesto,Karl Marx,1 hr and 34 mins
Angela's Ashes,"Frank McCourt,Jeannette Walls - introduction",15 hrs and 8 mins
The Big Lie,Jonathan Lemire,10 hrs and 20 mins
The Innovator's Dilemma,Clayton M. Christensen,8 hrs and 37 mins
Mazzone Mafia: The Complete Series,Siobhan Davis,38 hrs and 45 mins
The Lost Metal,Brandon Sanderson,Not Yet Known
Battle for the American Mind,"Pete Hegseth,David Goodwin",9 hrs and 23 mins
"Spacers, Part 4",Scott Bartlett,11 hrs and 34 mins
Sound Man,Glyn Johns,6 hrs and 47 mins
The Girl Who Loved Tom Gordon,Stephen King,6 hrs and 29 mins
Ugly Girl,Sheridan Anne,6 hrs and 45 mins
The Success Principles(TM) - 10th Anniversary Edition,"Jack Canfield,Janet Switzer",21 hrs and 46 mins
So Good They Can't Ignore You,Cal Newport,6 hrs and 28 mins
The Invention of Wings,Sue Monk Kidd,13 hrs and 42 mins
Second Chance,Robert T. Kiyosaki,9 hrs and 15 mins
The Effective Executive,Peter F. Drucker,6 hrs and 15 mins
In Order to Live,Yeonmi Park,9 hrs and 37 mins
Bridge to Terabithia,Katherine Paterson,3 hrs and 30 mins
His Father's Son,Bentley Little,12 hrs and 39 mins
COVID-19 and the Global Predators,"Peter Roger Breggin,Ginger Breggin",24 hrs and 9 mins
The Rise and Fall of the Neoliberal Order,Gary Gerstle,13 hrs and 21 mins
The Graveside Bar and Grill,Darynda Jones,2 hrs and 42 mins
The Sophia Code,Kaia Ra,15 hrs and 53 mins
The Wall of Winnipeg and Me,Mariana Zapata,16 hrs
The Proper Care and Feeding of Husbands,Dr. Laura Schlessinger,2 hrs and 21 mins
The 15 Commitments of Conscious Leadership,"Jim Dethmer,Diana Chapman,Kaley Klemp",7 hrs and 53 mins
Death by Meeting,Patrick Lencioni,4 hrs and 31 mins
The Babysitter Lives,Stephen Graham Jones,7 hrs and 34 mins
The Flag and the Cross,"Samuel L. Perry,Philip S. Gorski,Jemar Tisby - foreword",4 hrs and 43 mins
Democracy and Its Alternatives,"Ethan Hollander,The Great Courses",8 hrs and 56 mins
The Inn on Harmony Island,Anne-Marie Meyer,7 hrs and 13 mins
Speak,Laurie Halse Anderson,5 hrs and 48 mins
Stiff,Mary Roach,8 hrs
Sula,Toni Morrison,5 hrs and 46 mins
"The China Study, Revised and Expanded Edition","T. Colin Campbell PhD,Thomas M. Campbell II MD",18 hrs and 2 mins
Legend,Marie Lu,7 hrs and 48 mins
Simply Said,Jay Sullivan,5 hrs and 46 mins
El Hombre Mas Rico De Babilonia [The Richest Man in Babylon],George S. Clason,5 hrs and 20 mins
The Happiness Project,Gretchen Rubin,10 hrs and 15 mins
The Oxygen Advantage,Patrick McKeown,9 hrs and 1 min
King of Shadows,Robert McCammon,18 hrs and 17 mins
Cobalt Blue,Matthew Reilly,3 hrs and 42 mins
Elite Sales Strategies,Anthony Iannarino,6 hrs and 48 mins
So Not Meant to Be,Meghan Quinn,13 hrs and 23 mins
Control System,Tom Larcombe,13 hrs and 1 min
Birds of California,Katie Cotugno,7 hrs and 49 mins
Long Live the Pumpkin Queen,Shea Ernshaw,6 hrs and 28 mins
Revenge,Tom Bower,16 hrs and 22 mins
Kiss Me Forever,Layla Hagen,7 hrs and 19 mins
The Devil's Stop,Scott Blade,6 hrs and 4 mins
"Grasping God's Word, Fourth Edition","J. Scott Duvall,J. Daniel Hays",20 hrs and 14 mins
Courted by Beasts,Eva Chase,9 hrs and 34 mins
The Politically Incorrect Guide to Economics,Thomas J. DiLorenzo,7 hrs and 26 mins
Out of the Night,Susan May Warren,5 hrs and 36 mins
Peak,"Robert Pool,Anders Ericsson",10 hrs
The Secrets in Shadow and Blood,Lana Pecherczyk,10 hrs and 29 mins
The Lost Nebula,Vaughn Heppner,14 hrs and 4 mins
The Cabinet of Dr. Leng,"Douglas Preston,Lincoln Child",13 hrs and 30 mins
Superpowers Unlocked,Justin Trublood,10 hrs and 20 mins
Crooked Paradise: The Complete Series,"Eva Chance,Harlow King",35 hrs and 2 mins
The Leadership Secrets of Nick Saban,John Talty,8 hrs and 27 mins
Blood & Bones: Rev,Jeanne St. James,9 hrs and 30 mins
"Men Are from Mars, Women Are from Venus",John Gray,9 hrs and 28 mins
"Spies, Lies, and Algorithms",Amy B. Zegart,11 hrs and 54 mins
The Seven Husbands of Evelyn Hugo,Taylor Jenkins Reid,12 hrs and 10 mins
We Never Die,Matt Fraser,6 hrs and 25 mins
Aurora,David Koepp,9 hrs and 6 mins
The Bodyguard,Katherine Center,9 hrs and 44 mins
The Father Daughter Talk,R.C. Blakes Jr.,2 hrs and 41 mins
The Catch Me If You Can,Jessica Nabongo,12 hrs and 25 mins
Black Mouth,Ronald Malfi,12 hrs and 13 mins
In the Pines,Kendra Elliot,8 hrs and 51 mins
King of Battle and Blood,Scarlett St. Clair,12 hrs and 26 mins
These Twisted Bonds,Lexi Ryan,13 hrs and 35 mins
Sister Friends Forever,Kimberla Lawson Roby,8 hrs and 47 mins
Reckoning,TurtleMe,22 hrs and 45 mins
Shared Insanity,KamikazePotato,19 hrs and 18 mins
Emma y las otras señoras del narco [Emma and the Other Narco Ladies],Anabel Hernandez,8 hrs and 56 mins
An Immense World,Ed Yong,14 hrs and 17 mins
Flowers for Algernon,Daniel Keyes,8 hrs and 58 mins
The Devil's Highway,Luis Alberto Urrea,8 hrs and 53 mins
The Last Unicorn,"Peter S. Beagle,Patrick Rothfuss",8 hrs and 9 mins
Revenge,Tom Bower,16 hrs and 22 mins
Kiss Me Forever,Layla Hagen,7 hrs and 19 mins
Peak,"Robert Pool,Anders Ericsson",10 hrs
"Grasping God's Word, Fourth Edition","J. Scott Duvall,J. Daniel Hays",20 hrs and 14 mins
The Suitcase Clone,Robin Sloan,2 hrs and 11 mins
Out of the Night,Susan May Warren,5 hrs and 36 mins
The Secrets in Shadow and Blood,Lana Pecherczyk,10 hrs and 29 mins
The Lost Nebula,Vaughn Heppner,14 hrs and 4 mins
Crooked Paradise: The Complete Series,"Eva Chance,Harlow King",35 hrs and 2 mins
The Leadership Secrets of Nick Saban,John Talty,8 hrs and 27 mins
Blood & Bones: Rev,Jeanne St. James,9 hrs and 30 mins
"Spies, Lies, and Algorithms",Amy B. Zegart,11 hrs and 54 mins
"Men Are from Mars, Women Are from Venus",John Gray,9 hrs and 28 mins
The Seven Husbands of Evelyn Hugo,Taylor Jenkins Reid,12 hrs and 10 mins
Aurora,David Koepp,9 hrs and 6 mins
By Way of Deception,"Amir Tsarfati,Steve Yohn",10 hrs
The Bodyguard,Katherine Center,9 hrs and 44 mins
The Father Daughter Talk,R.C. Blakes Jr.,2 hrs and 41 mins
Black Mouth,Ronald Malfi,12 hrs and 13 mins
The Catch Me If You Can,Jessica Nabongo,12 hrs and 25 mins
Baby for the Bosshole,Nadia Lee,10 hrs and 40 mins
Sister Friends Forever,Kimberla Lawson Roby,8 hrs and 47 mins
These Twisted Bonds,Lexi Ryan,13 hrs and 35 mins
Reckoning,TurtleMe,22 hrs and 45 mins
American Royals III: Rivals,Katharine McGee,12 hrs and 32 mins
Not in It to Win It,Andy Stanley,5 hrs and 11 mins
Shared Insanity,KamikazePotato,19 hrs and 18 mins
An Immense World,Ed Yong,14 hrs and 17 mins
The Devil's Highway,Luis Alberto Urrea,8 hrs and 53 mins
The Last Unicorn,"Peter S. Beagle,Patrick Rothfuss",8 hrs and 9 mins
Tales of the Peculiar,Ransom Riggs,4 hrs and 26 mins
Final Orders,Gregory Ashe,12 hrs and 10 mins
Putin,Philip Short,29 hrs and 33 mins
Great Expectations,Charles Dickens,18 hrs and 32 mins
Paddle Your Own Canoe,Nick Offerman,10 hrs and 50 mins
One Flew Over the Cuckoo's Nest,"Ken Kesey,Robert Faggen - introduction",10 hrs and 32 mins
The Kybalion,The Three Intiates,4 hrs and 6 mins
The Power of Intention,Dr. Wayne W. Dyer,4 hrs and 27 mins
Tales of a Fourth Grade Nothing,Judy Blume,2 hrs and 33 mins
Living Untethered,Michael A. Singer,5 hrs and 32 mins
Down the Highway,Howard Sounes,20 hrs and 31 mins
Torment,Jeremy Robinson,9 hrs and 59 mins
The World's Worst Assistant,"Sona Movsesian,Conan O'Brien - foreword",5 hrs and 25 mins
Tales of a Female Nomad,Rita Golden Gelman,12 hrs and 41 mins
What Lies Beneath,J. G. Hetherton,10 hrs and 10 mins
Start with Why,Simon Sinek,7 hrs and 18 mins
Lilac Girls,Martha Hall Kelly,17 hrs and 30 mins
The Nightingale,Kristin Hannah,17 hrs and 19 mins
The Name of the Wind,Patrick Rothfuss,27 hrs and 55 mins
The Song of Achilles,Madeline Miller,11 hrs and 15 mins
A Gentleman in Moscow,Amor Towles,17 hrs and 52 mins
The Obstacle Is the Way,Ryan Holiday,6 hrs and 7 mins
To Sell Is Human,Daniel H. Pink,6 hrs and 6 mins
The Everything Store,Brad Stone,13 hrs
Off to Be the Wizard,Scott Meyer,10 hrs and 45 mins
Fried Green Tomatoes at the Whistle Stop Cafe,Fannie Flagg,11 hrs and 27 mins
The Lazarus Heist,Geoff White,8 hrs and 28 mins
The Man Without Qualities,Robert Musil,60 hrs and 30 mins
Different,Frans de Waal,12 hrs and 55 mins
Germination,Seth Ring,12 hrs
Emotional Intelligence,Daniel Goleman,13 hrs and 32 mins
Journey to Munich,Jacqueline Winspear,9 hrs and 18 mins
The Book of Joy,"His Holiness the Dalai Lama,Desmond Tutu,Douglas Carlton Abrams",10 hrs and 12 mins
Punk 57,Penelope Douglas,10 hrs and 7 mins
Siege and Storm,Leigh Bardugo,11 hrs and 49 mins
Band of Brothers,Stephen E. Ambrose,12 hrs and 37 mins
Radical Acceptance,Tara Brach,12 hrs and 15 mins
Lone Survivor,"Marcus Luttrell,Patrick Robinson",14 hrs and 17 mins
The Deal,Elle Kennedy,12 hrs and 26 mins
Grant,Ron Chernow,48 hrs and 2 mins
Benjamin Franklin: An American Life,Walter Isaacson,24 hrs and 40 mins
The Secret History,Donna Tartt,22 hrs and 3 mins
Kindred,Octavia E. Butler,10 hrs and 55 mins
The 4-Hour Body,Timothy Ferriss,3 hrs and 51 mins
The Color of Law,Richard Rothstein,9 hrs and 32 mins
20th Century Ghosts,Joe Hill,12 hrs and 10 mins
The Demon-Haunted World,Carl Sagan,17 hrs and 23 mins
I Am Not Your Perfect Mexican Daughter,Erika L. Sánchez,9 hrs and 41 mins
Down the Highway,Howard Sounes,20 hrs and 31 mins
The World's Worst Assistant,"Sona Movsesian,Conan O'Brien - foreword",5 hrs and 25 mins
When the Moon Turns to Blood,Leah Sottile,10 hrs and 38 mins
It's Good to Be a Man,"Michael Foster,Dominic Bnonn Tennant",4 hrs and 57 mins
Imagine Heaven,John Burke,10 hrs and 30 mins
The Secret Life of Albert Entwistle,Matt Cain,10 hrs and 49 mins
I Don't Want to Be the Hero Vol. 4,M.E. Thorne,8 hrs and 2 mins
The Woman Inside,Anna-Lou Weatherley,11 hrs and 19 mins
Open Season,Linda Howard,8 hrs and 47 mins
The Gift of Fear,Gavin de Becker,12 hrs and 50 mins
Dave the Villager 12,Dave Villager,1 hr and 56 mins
A Dance with the Fae Prince,Elise Kova,12 hrs and 57 mins
Eat for Energy,"Ari Whitten,Alex Leaf MS",7 hrs and 27 mins
A Betrayal of Storms,Ben Alderson,14 hrs and 2 mins
"Girl, Forsaken",Blake Pierce,7 hrs and 44 mins
Oath of Sacrifice,Jane Henry,7 hrs and 49 mins
Hidden Pictures,Jason Rekulak,9 hrs and 29 mins
Lupercal's War,"Graham McNeill,Aaron Dembski-Bowden,Nick Kyme,Rob Sanders,John French,Chris Wraight,Chris Forrester,James Swallow,Matthew Farrer,Guy Haley,Dan Abnett,Gav Thorpe",17 hrs and 47 mins
Do Hard Things,Steve Magness,8 hrs and 53 mins
One Crazy Week,Claire Kingsley,5 hrs and 30 mins
Napoleon Hill's Outwitting the Devil,"Napoleon Hill,Sharon L. Lechter - editor",5 hrs and 51 mins
Redeeming Love,Francine Rivers,17 hrs and 17 mins
What Your Food Ate,"David R. Montgomery,Anne Biklé",15 hrs and 53 mins
The Ink Black Heart,Robert Galbraith,32 hrs and 43 mins
Hidden Pictures,Jason Rekulak,9 hrs and 29 mins
The Golden Enclaves,Naomi Novik,12 hrs
The Girl on Wildfire Ridge,Leslie Wolfe,12 hrs and 2 mins
"Lanterns, Lakes, & Larceny",Tonya Kappes,3 hrs and 32 mins
Song of Spider-Man,Glen Berger,10 hrs and 55 mins
Zachary Ying and the Dragon Emperor,Xiran Jay Zhao,9 hrs and 37 mins
Under the Skin,Linda Villarosa,10 hrs and 4 mins
Old Country,"Matt Query,Harrison Query",12 hrs and 44 mins
Cashing Out,"Julien Saunders,Kiersten Saunders",6 hrs and 2 mins
The Big Dark Sky,Dean Koontz,12 hrs and 11 mins
Nazi Billionaires,David de Jong,11 hrs and 55 mins
Empire Reborn,Jay Allan,14 hrs and 41 mins
The Colony,Audrey Magee,8 hrs and 10 mins
A Perfect Neighborhood,Liz Alterman,10 hrs and 29 mins
Faithfully Different,Natasha Crain,7 hrs and 12 mins
When the Moon Turns to Blood,Leah Sottile,10 hrs and 38 mins
It's Good to Be a Man,"Michael Foster,Dominic Bnonn Tennant",4 hrs and 57 mins
The Secret Life of Albert Entwistle,Matt Cain,10 hrs and 49 mins
The Big Leap,Gay Hendricks,5 hrs and 27 mins
Million Dollar Identity,"Jamie Wolf,Myron Golden,Victoria Kennedy,Dan Ashburn,Eric Beer,Angela Little",6 hrs and 28 mins
Loving Dark Men,JA Huss,12 hrs and 27 mins
Tongues of Fire,Jennifer LeClaire,6 hrs and 9 mins
Something Wicked This Way Comes,Ray Bradbury,9 hrs and 5 mins
Finish,Jon Acuff,4 hrs and 58 mins
A Clockwork Orange,Anthony Burgess,7 hrs and 44 mins
The Devil's Chessboard,David Talbot,25 hrs and 23 mins
Hawaii,"James A. Michener,Steve Berry - introduction",51 hrs and 56 mins
Final Girls,Riley Sager,12 hrs and 24 mins
The Confidence Code,"Katty Kay,Claire Shipman",6 hrs and 45 mins
The Gift of Therapy,Irvin D. Yalom,7 hrs and 39 mins
Into the Water,Paula Hawkins,11 hrs and 32 mins
The Tale of Despereaux,Kate DiCamillo,3 hrs and 30 mins
The Power of One,Bryce Courtenay,21 hrs and 33 mins
The Girl and the 7 Deadly Sins,A.J. Rivers,7 hrs and 28 mins
Financial Intelligence,"Karen Berman,Joe Knight",7 hrs and 20 mins
The Leadership Challenge Sixth Edition,"James M. Kouzes,Barry Posner",11 hrs and 4 mins
The Princess Bride,William Goldman,2 hrs and 32 mins
The Love Dare,"Stephen Kendrick,Alex Kendrick",5 hrs and 48 mins
The Politically Incorrect Guide to Economics,Thomas J. DiLorenzo,7 hrs and 26 mins
Napoleon Hill's Outwitting the Devil,"Napoleon Hill,Sharon L. Lechter - editor",5 hrs and 51 mins
Redeeming Love,Francine Rivers,17 hrs and 17 mins
The Operator,Robert O'Neill,9 hrs and 42 mins
Nature Wants Us to Be Fat,Richard J. Johnson MD,9 hrs and 24 mins
Kismet,Amina Akhtar,10 hrs and 9 mins
The Rape of the Mind,Dr. Joost A.M. Meerloo,10 hrs and 23 mins
The Professor's Date,Lane Hayes,5 hrs and 58 mins
Imagine Heaven,John Burke,10 hrs and 30 mins
Rogues,Patrick Radden Keefe,15 hrs and 28 mins
Who Killed Jane Stanford?,Richard White,11 hrs and 28 mins
The Deadly Shallows,Dani Pettrey,11 hrs and 2 mins
The One and Only Ivan,"Katherine Applegate,Patricia Castelao",3 hrs and 46 mins
The Black Prism,Brent Weeks,21 hrs and 26 mins
Farmer Boy,Laura Ingalls Wilder,6 hrs and 27 mins
Mythology,Edith Hamilton,14 hrs and 34 mins
The Storm Before the Storm,Mike Duncan,10 hrs and 13 mins
The Rise of Theodore Roosevelt,Edmund Morris,26 hrs and 36 mins
Sweep with Me (Dramatized Adaptation),Ilona Andrews,3 hrs and 9 mins
Afterlives,Abdulrazak Gurnah,10 hrs and 13 mins
Crank,Ellen Hopkins,4 hrs and 31 mins
Dream Team,Jack McCallum,12 hrs and 56 mins
If We Break,Kathleen Buhle,9 hrs and 46 mins
Goodnight,Kelly Fox,8 hrs and 32 mins
Not in It to Win It,Andy Stanley,5 hrs and 11 mins
We Hunt Monsters 3,Aaron Oster,11 hrs and 47 mins
How to Eat Fried Worms,Thomas Rockwell,1 hr and 53 mins
Coolidge,Amity Shlaes,21 hrs and 4 mins
Before the Fall,Noah Hawley,12 hrs and 55 mins
Meet Me in the Bathroom,Lizzy Goodman,19 hrs and 42 mins
Manhattan Cult Story,Spencer Schneider,8 hrs and 1 min
A Light in the Flame,Jennifer L. Armentrout,24 hrs
We Can Never Leave This Place,Eric Larocca,2 hrs and 42 mins
My Story,Marilyn Monroe,4 hrs and 34 mins
The Art of Herbal Healing,Ava Green,5 hrs and 1 min
Wild Cat,Christine Feehan,15 hrs and 36 mins
Dempsey,"Brian Andrews,Jeffrey Wilson",11 hrs and 30 mins
This Time Tomorrow,Emma Straub,8 hrs and 31 mins
The Book of Five Rings,"Miyamoto Musashi,William Scott Wilson - translator",2 hrs and 41 mins
Robert E. Howard's Conan the Cimmerian Barbarian,"Robert E. Howard,Finn J. D. John",35 hrs and 6 mins
The Crusades,Thomas Asbridge,25 hrs and 32 mins
The Resurrection of Wildflowers,Micalea Smeltzer,9 hrs and 22 mins
Also a Poet,Ada Calhoun,6 hrs and 33 mins
Braiding Sweetgrass,Robin Wall Kimmerer,16 hrs and 44 mins
Ready Player One,Ernest Cline,15 hrs and 40 mins
The Skinny Confidential's Get the F*ck Out of the Sun,Lauryn Evarts Bosstick,9 hrs and 43 mins
The Upward Spiral,Alex Korb PhD.,5 hrs and 34 mins
Enlightened Vagabond,"Matthieu Ricard - editor and translator,Constance Wilkinson - editor",7 hrs and 20 mins
Chaos in Mudbug,Jana DeLeon,6 hrs and 51 mins
The End of the World Is Just the Beginning,Peter Zeihan,16 hrs and 44 mins
Rise of the Weakest Summoner: Volume I,J. R. Saileri,8 hrs and 56 mins
A Song for Everyone,John Lingan,8 hrs and 51 mins
Cleopatra and Frankenstein,Coco Mellors,14 hrs and 31 mins
Do Not Leave Quietly,Mario Murillo,3 hrs and 32 mins
How to Win Friends & Influence People,Dale Carnegie,7 hrs and 15 mins
The Four Agreements,don Miguel Ruiz,2 hrs and 31 mins
The Secret,Rhonda Byrne,4 hrs and 24 mins
Delphi Envoy,Bob Blanton,8 hrs and 36 mins
Temptation,"K. Loraine,Meg Anne",11 hrs and 46 mins
Sons of Thunder,"William W. Johnstone,J. A. Johnstone",11 hrs and 13 mins
The Hedge Wizard,Alex Maher,14 hrs and 21 mins
Armor,C.B. Titus,12 hrs and 25 mins
The Inmate,Freida McFadden,8 hrs and 5 mins
Encore in Death,J. D. Robb,Not Yet Known
The Skinny Confidential's Get the F*ck Out of the Sun,Lauryn Evarts Bosstick,9 hrs and 43 mins
Delphi Envoy,Bob Blanton,8 hrs and 36 mins
Managing Oneself,Peter F. Drucker,44 mins
Sons of Thunder,"William W. Johnstone,J. A. Johnstone",11 hrs and 13 mins
Courted by Beasts,Eva Chase,9 hrs and 34 mins
Horse,Geraldine Brooks,14 hrs and 6 mins
Starry Montana Sky,Debra Holland,9 hrs and 36 mins
Not One Inch,M.E. Sarotte,15 hrs and 54 mins
If We Break,Kathleen Buhle,9 hrs and 46 mins
Goodnight,Kelly Fox,8 hrs and 32 mins
"Older, Wiser, Witchier",Lily Harper Hart,7 hrs and 14 mins
Stalked by the Billionaire,Emma Bray,2 hrs and 12 mins
Rogue,"David J. VanBergen Jr.,K. L. Reinhart",10 hrs and 22 mins
Prince of L.A.,Patricia Logan,9 hrs and 19 mins
How to Eat Fried Worms,Thomas Rockwell,1 hr and 53 mins
Steal the Show,Michael Port,7 hrs and 38 mins
By Way of Deception,"Amir Tsarfati,Steve Yohn",10 hrs
Gung Ho!,"Sheldon Bowles,Ken Blanchard",1 hr and 33 mins
"Diary of an 8 Bit Warrior Collection, Books 4-6",Cube Kid,11 hrs and 50 mins
And There He Kept Her,Joshua Moehling,9 hrs and 28 mins
The Real Diana,Lady Colin Campbell,15 hrs and 50 mins
Competing Against Luck,"Clayton M. Christensen,Taddy Hall",7 hrs and 25 mins
"If I Understood You, Would I Have This Look on My Face?",Alan Alda,6 hrs and 13 mins
No Love Lost,LynDee Walker,10 hrs and 8 mins
Story,Robert McKee,6 hrs and 12 mins
The Rise of Theodore Roosevelt,Edmund Morris,26 hrs and 36 mins
Twisted Hate,Ana Huang,15 hrs
White Nights: The Complete Duet,"Anna Zaires,Charmaine Pauls",19 hrs and 31 mins
An Act of Foul Play,T E Kinsey,9 hrs
ADHD Raising Emotionally Intelligent Kids,Alicia Miller,29 hrs and 2 mins
The Hating Game,Sally Thorne,12 hrs and 18 mins
Make Your Bed,William H. McRaven,1 hr and 53 mins
My Family and Other Animals,Gerald Durrell,10 hrs and 17 mins
I Capture the Castle,Dodie Smith,12 hrs and 18 mins
Whiskey Master Class,"Lew Bryson,Bill Lumsden - foreword",7 hrs and 9 mins
Motivational Interviewing 101,"Sarah Rosenberg,Scientia Media Group",11 hrs and 4 mins
The Making of the Atomic Bomb,Richard Rhodes,37 hrs and 16 mins
Blackout,Erin Flanagan,9 hrs and 27 mins
Black Rose Kisses: The Complete Series,Eva Ashwood,30 hrs and 10 mins
A New Earth,Eckhart Tolle,9 hrs and 12 mins
Dirty Wicked Prince,Eden O'Neill,8 hrs and 51 mins
MCAT Audio Crash Course,AudioLearn Content Team,57 hrs and 56 mins
Khaos,Jeremy Robinson,Not Yet Known
Death of a Laird,"R. W. Green,M. C. Beaton",1 hr and 26 mins
We’ll Always Have Summer,Jenny Han,6 hrs and 3 mins
The Diamond Eye,Kate Quinn,12 hrs and 51 mins
The Anatomy of Peace (Fourth Edition),The Arbinger Institute,7 hrs and 39 mins
The Warrior,Stephen Aryan,13 hrs and 19 mins
Mindreader,David J. Lieberman,6 hrs and 33 mins
How to Get Paid for What You Know,Graham Cochrane,6 hrs and 12 mins
The Boys,Katie Hafner,7 hrs and 19 mins
The Island,Adrian McKinty,8 hrs and 56 mins
The Fault in Our Stars,John Green,7 hrs and 11 mins
Scarred,Emily McIntire,10 hrs and 38 mins
The Oleander Sword,Tasha Suri,19 hrs and 8 mins
Business Is Personal,Bethenny Frankel,6 hrs and 59 mins
Insanely Simple,Ken Segall,7 hrs and 5 mins
The Real Diana,Lady Colin Campbell,15 hrs and 50 mins
"Diary of an 8 Bit Warrior Collection, Books 4-6",Cube Kid,11 hrs and 50 mins
And There He Kept Her,Joshua Moehling,9 hrs and 28 mins
"If I Understood You, Would I Have This Look on My Face?",Alan Alda,6 hrs and 13 mins
Competing Against Luck,"Clayton M. Christensen,Taddy Hall",7 hrs and 25 mins
I Capture the Castle,Dodie Smith,12 hrs and 18 mins
No Love Lost,LynDee Walker,10 hrs and 8 mins
The 5 Second Rule,Mel Robbins,7 hrs and 35 mins
Story,Robert McKee,6 hrs and 12 mins
The Gift of Therapy,Irvin D. Yalom,7 hrs and 39 mins
Into the Water,Paula Hawkins,11 hrs and 32 mins
White Nights: The Complete Duet,"Anna Zaires,Charmaine Pauls",19 hrs and 31 mins
An Act of Foul Play,T E Kinsey,9 hrs
ADHD Raising Emotionally Intelligent Kids,Alicia Miller,29 hrs and 2 mins
The Partner Track,Helen Wan,9 hrs and 53 mins
Make Your Bed,William H. McRaven,1 hr and 53 mins
The Book Thief,Markus Zusak,13 hrs and 56 mins
My Family and Other Animals,Gerald Durrell,10 hrs and 17 mins
The Book of Awakening,Mark Nepo,17 hrs and 26 mins
Total Recall,Arnold Schwarzenegger,23 hrs and 21 mins
The Inevitable,Kevin Kelly,11 hrs and 30 mins
Playing to Win,"Roger L. Martin,A.G. Lafley",7 hrs and 9 mins
Vagus Nerve Exercises to Rewire Your Brain,Susan Baxter,14 hrs and 52 mins
Talyn: Rebirth,Benjamin Medrano,10 hrs and 55 mins
Battling the Big Lie,Dan Pfeiffer,7 hrs and 33 mins
Hope in the Dark,Rebecca Solnit,5 hrs and 36 mins
Why Am I So Anxious?,Tracey Marks,9 hrs and 52 mins
Resolute,Jack Campbell,10 hrs and 39 mins
The Surrendered Wife,Laura Doyle,1 hr and 7 mins
Breaking Cover,Kaje Harper,9 hrs and 46 mins
Soul Taken,Patricia Briggs,10 hrs and 33 mins
Mother of Learning Arc 3,"nobody103,Domagoj Kurmaic",27 hrs and 12 mins
Confidence Man,Maggie Haberman,Not Yet Known
You Are Mine,Jenika Snow,8 hrs and 5 mins
Blue Dawn,Blaine L. Pardoe,13 hrs and 33 mins
Jane of Lantern Hill,L.M. Montgomery,8 hrs and 1 min
A Really Good Day,Ayelet Waldman,7 hrs and 37 mins
Deep Work,Cal Newport,7 hrs and 44 mins
Rework,"Jason Fried,David Heinemeier Hansson",2 hrs and 50 mins
Dreamland,Sam Quinones,14 hrs and 15 mins
Bone Deep,"Charles Bosworth,Joel Schwartz",11 hrs and 20 mins
Left on Tenth,Delia Ephron,7 hrs and 39 mins
21st Century Monetary Policy,Ben S. Bernanke,16 hrs and 4 mins
La inteligencia emocional [Emotional Inteligence],Daniel Goleman,15 hrs and 6 mins
"Tomorrow, and Tomorrow, and Tomorrow",Gabrielle Zevin,13 hrs and 52 mins
Crank,Ellen Hopkins,4 hrs and 31 mins
Jake's Magical Market,J.R. Mathews,20 hrs and 41 mins
Queenology,R. C. Blakes Jr.,3 hrs and 59 mins
Building a Second Brain,Tiago Forte,7 hrs and 20 mins
Existential Physics,Sabine Hossenfelder,8 hrs and 7 mins
Winning the Week,"Carey Bentley,Demir Bentley",5 hrs and 20 mins
Sons of Valor II: Violence of Action,"Brian Andrews,Jeffrey Wilson",12 hrs and 34 mins
Life 3.0,Max Tegmark,13 hrs and 29 mins
Playing to Win,"Roger L. Martin,A.G. Lafley",7 hrs and 9 mins
Eleven Rings,"Phil Jackson,Hugh Delehanty",10 hrs and 27 mins
Total Recall,Arnold Schwarzenegger,23 hrs and 21 mins
The Shadow of the Wind,Carlos Ruiz Zafón,18 hrs and 5 mins
The Day the World Came to Town,Jim DeFede,6 hrs and 28 mins
The Inevitable,Kevin Kelly,11 hrs and 30 mins
"First, Break All the Rules","Marcus Buckingham,Gallup Press,Jim Harter - foreword",9 hrs and 51 mins
Vagus Nerve Exercises to Rewire Your Brain,Susan Baxter,14 hrs and 52 mins
The Witches,Roald Dahl,3 hrs and 44 mins
Talyn: Rebirth,Benjamin Medrano,10 hrs and 55 mins
Battling the Big Lie,Dan Pfeiffer,7 hrs and 33 mins
Hope in the Dark,Rebecca Solnit,5 hrs and 36 mins
Breaking Cover,Kaje Harper,9 hrs and 46 mins
Soul Taken,Patricia Briggs,10 hrs and 33 mins
Mother of Learning Arc 3,"nobody103,Domagoj Kurmaic",27 hrs and 12 mins
Ghost Boy,Martin Pistorius,7 hrs and 15 mins
You Are Mine,Jenika Snow,8 hrs and 5 mins
Blue Dawn,Blaine L. Pardoe,13 hrs and 33 mins
The Book of Five Rings,"Miyamoto Musashi,William Scott Wilson - translator",2 hrs and 41 mins
Jane of Lantern Hill,L.M. Montgomery,8 hrs and 1 min
Deep Work,Cal Newport,7 hrs and 44 mins
The Rational Optimist,Matt Ridley,13 hrs and 37 mins
Rework,"Jason Fried,David Heinemeier Hansson",2 hrs and 50 mins
Kristin Lavransdatter,"Sigrid Undset,Tiina Nunnally - translator",45 hrs
Created Equal,"Michael Pack,Mark Paoletta",10 hrs and 15 mins
Love + Work,Marcus Buckingham,6 hrs and 43 mins
Skill,David Greene,13 hrs and 49 mins
Extreme Ownership,"Jocko Willink,Leif Babin",9 hrs and 33 mins
Think and Grow Rich,Napoleon Hill,9 hrs and 35 mins
Unstoppable,R.L. Mathewson,14 hrs and 20 mins
Pack Darling: Part One,Lola Rock,9 hrs and 39 mins
Brain over Binge,Kathryn Hansen,9 hrs and 59 mins
The Cabin in the Woods,Sarah Alderson,8 hrs and 5 mins
A Gentle Reminder,Bianca Sparacino,2 hrs and 31 mins
Be Your Future Self Now,Dr. Benjamin Hardy,4 hrs and 2 mins
The Alienist,Caleb Carr,20 hrs
The Scourge Series: The Complete Trilogy,Tom Abrahams,27 hrs and 5 mins
The Art Whisperer,"Charlotte Elkins,Aaron Elkins",7 hrs and 44 mins
Love Lessons,Sarina Bowen,8 hrs and 11 mins
"The Silencer Series Box Set, Books 9-12",Mike Ryan,21 hrs and 16 mins
Rogue Goddess,C.J. Carella,14 hrs and 23 mins
Pandemia,Alex Berenson,11 hrs and 1 min
Monster Girl Safari 2,Roland Carlsson,6 hrs and 41 mins
The Stardust Thief,Chelsea Abdullah,15 hrs and 38 mins
Sickening,John Abramson,9 hrs and 17 mins
Global Reset,"Mark Hitchcock,Jeff Kinley",5 hrs and 4 mins
The Prince's Gambit,Christopher G. Nuttall,11 hrs and 39 mins
Fallen Empire,K. A. Tucker,7 hrs and 22 mins
Persians,Lloyd Llewellyn-Jones,18 hrs and 42 mins
The Score Takes Care of Itself,"Bill Walsh,Craig Walsh,Steve Jamison",10 hrs and 48 mins
An Astronaut's Guide to Life on Earth,Chris Hadfield,8 hrs and 45 mins
Kristin Lavransdatter,"Sigrid Undset,Tiina Nunnally - translator",45 hrs
Reasons to Stay Alive,Matt Haig,4 hrs and 13 mins
Over the Edge of the World,Laurence Bergreen,6 hrs and 13 mins
Ice and Monsters,Peter Nealen,11 hrs and 26 mins
Priest of Crowns,Peter McLean,16 hrs and 35 mins
How Not to Murder Your ADHD Kid,Sarah Templeton,4 hrs and 36 mins
Have It All,Kris Krohn,7 hrs and 4 mins
Fly Girl,Ann Hood,8 hrs and 11 mins
Christian Theology 3rd Edition,Millard J. Erickson,63 hrs
How Emotions Are Made,Lisa Feldman Barrett,14 hrs and 32 mins
Undisputed Truth,"Mike Tyson,Larry Sloman",20 hrs and 46 mins
Fooled by Randomness,Nassim Nicholas Taleb,10 hrs and 3 mins
Kill Streak,Curator Omega,14 hrs and 32 mins
Dead Sea Conspiracy,Jerry B. Jenkins,9 hrs and 52 mins
Everyday MAGIC,Mattie James,6 hrs and 39 mins
Down and Dirty,Mari Carr,7 hrs and 43 mins
Wild Irish Heart,Tricia O'Malley,6 hrs and 9 mins
Bronze Drum,Phong Nguyen,11 hrs and 22 mins
The Cost of Control,Sharon Hodde Miller,6 hrs and 52 mins
Soul in the Game,Vitaliy Katsenelson,10 hrs and 8 mins
Boom Town,Garrison Keillor,12 hrs and 22 mins
Psycho Shifters,Jasmine Mas,8 hrs and 57 mins
Amplify Your Influence,Rene Rodriguez,6 hrs and 18 mins
Clown in a Cornfield 2: Frendo Lives,Adam Cesare,10 hrs and 8 mins
The Broken Room,Peter Clines,10 hrs and 50 mins
"You, Happier",Daniel Amen,10 hrs and 23 mins
The Devil You Know,Elizabeth O'Roark,8 hrs and 38 mins
Who,"Geoff Smart,Randy Street",4 hrs and 47 mins
Love & Gelato,Jenna Evans Welch,8 hrs and 17 mins
Go for No!,"Richard Fenton,Andrea Waltz",1 hr and 33 mins
The Little Book of Hygge,Meik Wiking,3 hrs and 13 mins
The Sign of the Beaver,Elizabeth George Speare,3 hrs and 11 mins
Strange New World,"Carl R. Trueman,Ryan T. Anderson - foreword",5 hrs and 14 mins
Death of a Hollow Man,Caroline Graham,11 hrs and 10 mins
Lakeview House,Helen Phifer,7 hrs and 40 mins
The Prince's Gambit,Christopher G. Nuttall,11 hrs and 39 mins
Loving Dark Men,JA Huss,12 hrs and 27 mins
Fallen Empire,K. A. Tucker,7 hrs and 22 mins
Shadow Kissed,Veronica Douglas,10 hrs and 27 mins
The Score Takes Care of Itself,"Bill Walsh,Craig Walsh,Steve Jamison",10 hrs and 48 mins
An Astronaut's Guide to Life on Earth,Chris Hadfield,8 hrs and 45 mins
Reasons to Stay Alive,Matt Haig,4 hrs and 13 mins
Over the Edge of the World,Laurence Bergreen,6 hrs and 13 mins
War Against All Puerto Ricans,Nelson A. Denis,9 hrs and 9 mins
Mysteries of the Anointing,Benny Hinn,6 hrs and 15 mins
Priest of Crowns,Peter McLean,16 hrs and 35 mins
How Not to Murder Your ADHD Kid,Sarah Templeton,4 hrs and 36 mins
Have It All,Kris Krohn,7 hrs and 4 mins
Fly Girl,Ann Hood,8 hrs and 11 mins
Christian Theology 3rd Edition,Millard J. Erickson,63 hrs
The Mists of Avalon,Marion Zimmer Bradley,50 hrs and 53 mins
The Princess Bride,William Goldman,2 hrs and 32 mins
The Dance of Anger,Harriet Lerner,6 hrs and 50 mins
Kill Streak,Curator Omega,14 hrs and 32 mins
Dead Sea Conspiracy,Jerry B. Jenkins,9 hrs and 52 mins
Beautiful Villain,Piper Stone,9 hrs and 46 mins
Game Wizards,Jon Peterson,13 hrs and 38 mins
The Cost of Control,Sharon Hodde Miller,6 hrs and 52 mins
Soul in the Game,Vitaliy Katsenelson,10 hrs and 8 mins
Boom Town,Garrison Keillor,12 hrs and 22 mins
Psycho Shifters,Jasmine Mas,8 hrs and 57 mins
Amplify Your Influence,Rene Rodriguez,6 hrs and 18 mins
The End of the World Is Just the Beginning,Peter Zeihan,16 hrs and 44 mins
Clown in a Cornfield 2: Frendo Lives,Adam Cesare,10 hrs and 8 mins
The Broken Room,Peter Clines,10 hrs and 50 mins
The Devil You Know,Elizabeth O'Roark,8 hrs and 38 mins
Who,"Geoff Smart,Randy Street",4 hrs and 47 mins
First Blood,David Morrell,8 hrs and 26 mins
The Little Book of Hygge,Meik Wiking,3 hrs and 13 mins
The Sign of the Beaver,Elizabeth George Speare,3 hrs and 11 mins
Quarter to Midnight,Karen Rose,21 hrs and 41 mins
Death of a Hollow Man,Caroline Graham,11 hrs and 10 mins
Strange New World,"Carl R. Trueman,Ryan T. Anderson - foreword",5 hrs and 14 mins
How to Get Paid for What You Know,Graham Cochrane,6 hrs and 12 mins
Lakeview House,Helen Phifer,7 hrs and 40 mins
The Fault in Our Stars,John Green,7 hrs and 11 mins
The Island,Adrian McKinty,8 hrs and 56 mins
Just Keep Buying,Nick Maggiulli,6 hrs and 21 mins
English Literature in the Sixteenth Century (Excluding Drama),C. S. Lewis,25 hrs and 17 mins
A People's History of the United States,Howard Zinn,34 hrs and 8 mins
On Critical Race Theory,Victor Ray,4 hrs and 25 mins
The Dry,Jane Harper,10 hrs and 1 min
Alan Turing: The Enigma,Andrew Hodges,30 hrs and 40 mins
The Shining Girls,Lauren Beukes,10 hrs and 33 mins
The Yiddish Policemen's Union,Michael Chabon,12 hrs and 37 mins
The Glass Bead Game,Hermann Hesse,21 hrs and 17 mins
Punished by Rewards,Alfie Kohn,13 hrs and 9 mins
The Gangster's Guide to Sobriety,"Richie Stephens,John Altschuler,Dave Krinsky",4 hrs and 29 mins
Every Summer After,Carley Fortune,9 hrs and 38 mins
The Diamond Eye,Kate Quinn,12 hrs and 51 mins
Jose Silva's Everyday ESP,"Jose Silva Jr.,Ed Bernd Jr.",8 hrs and 22 mins
Soul Taken,Patricia Briggs,10 hrs and 33 mins
Mind Gym,"Gary Mack,David Casstevens",5 hrs and 27 mins
Do Not Leave Quietly,Mario Murillo,3 hrs and 32 mins
Let's Catch Up Soon,Sarah Cooper,6 hrs and 5 mins
Resistance,Halik Kochanski,46 hrs and 15 mins
Punk’s Wing,Ward Carroll,14 hrs and 3 mins
Dragon Spirit,Pedro Urvi,15 hrs and 8 mins
How Should We Then Live,Francis A. Schaeffer,7 hrs and 51 mins
The Swerve,Stephen Greenblatt,9 hrs and 41 mins
Small Giants,Bo Burlingham,10 hrs and 47 mins
Red Rising,Pierce Brown,16 hrs and 12 mins
A New Way to Think,Roger L. Martin,7 hrs and 58 mins
Taking Charge of Your Fertility,Toni Weschler,10 hrs and 30 mins
Mirrors in the Earth,Asia Suler,9 hrs and 36 mins
A Crown of Starlight,Linsey Hall,4 hrs and 36 mins
Blackstone Fortress: Ascension,Darius Hinks,11 hrs and 47 mins
Every Breath You Take,"Alafair Burke,Mary Higgins Clark",7 hrs and 19 mins
Platonic Rulebook,Saxon James,7 hrs and 2 mins
Reality Bleed: Season 2,"J.Z. Foster,Justin M. Woodward",23 hrs and 45 mins
Invisible Storm,Jason Kander,6 hrs and 47 mins
American Exception,Aaron Good,12 hrs and 48 mins
Confidence Man,Maggie Haberman,Not Yet Known
Motivational Interviewing 101,"Sarah Rosenberg,Scientia Media Group",11 hrs and 4 mins
Synthetic Biology: Life’s Extraordinary New Worlds,"Milton Muldrow Jr.,The Great Courses",8 hrs and 52 mins
Beyond Possible,Nims Purja,9 hrs and 42 mins
The Incredible Journey,Sheila Burnford,3 hrs and 7 mins
Skill with People,Les Giblin,31 mins
Rare Leadership,"Marcus Warner,Jim Wilder",6 hrs and 17 mins
Bloodline of the Gods,Nick Redfern,7 hrs and 38 mins
Never Cry Wolf,Farley Mowat,4 hrs and 51 mins
Self Mastery Through Conscious Autosuggestion,Emile Coué,3 hrs and 26 mins
How to Measure Anything,Douglas W. Hubbard,12 hrs and 40 mins
The End of Dieting,Joel Fuhrman,5 hrs and 57 mins
"Why We Buy, Updated and Revised Edition",Paco Underhill,12 hrs
Butcher’s Crossing,John Williams,10 hrs and 21 mins
Born in Death,J. D. Robb,11 hrs and 50 mins
Tell Yourself a Better Lie,Marisa Peer,8 hrs and 36 mins
We Don't Know Ourselves,Fintan O'Toole,22 hrs and 11 mins
Seven Years in Tibet,"Heinrich Harrer,Richard Graves",11 hrs and 38 mins
How the Scots Invented the Modern World,Arthur Herman,18 hrs and 20 mins
Iron Kingdom,Christopher Clark,28 hrs and 24 mins
Charlie Wilson's War,George Crile,20 hrs and 24 mins
The Diviners,Libba Bray,18 hrs and 14 mins
Deep Work,Cal Newport,7 hrs and 44 mins
Hyperion,Dan Simmons,20 hrs and 44 mins
The Greatest Salesman in the World,Og Mandino,2 hrs and 33 mins
Path Lit by Lightning,David Maraniss,23 hrs and 26 mins
The Librarian Spy,Madeline Martin,10 hrs and 30 mins
The Nurse,Claire Allan,9 hrs and 13 mins
The Women of Street Lit Omnibus: Volume 1,"Angel Santos,Aisha Hall,Jamila T. Davis,Sunshine Smith Williams,Reds Johnson",18 hrs and 52 mins
The Titan's Curse,Rick Riordan,8 hrs and 48 mins
Why Am I So Anxious?,Tracey Marks,9 hrs and 52 mins
The 36-Hour Day,"Nancy L. Mace,Peter V. Rabins",17 hrs and 24 mins
A Short History of Nearly Everything,Bill Bryson,18 hrs and 13 mins
The Last Mrs. Parrish,Liv Constantine,12 hrs
Black Cake,Charmaine Wilkerson,12 hrs and 2 mins
Redefining Realness,Janet Mock,8 hrs and 14 mins
The Surrendered Wife,Laura Doyle,1 hr and 7 mins
Everything About You,Jeanne St. James,9 hrs and 45 mins
Election,Tom Perrotta,4 hrs and 30 mins
The Sociopath Next Door,Martha Stout,7 hrs and 26 mins
The Best and the Brightest,David Halberstam,37 hrs and 4 mins
The Everything Store,Brad Stone,13 hrs
The Communist Manifesto,Karl Marx,1 hr and 34 mins
The Eagle of the Ninth,Rosemary Sutcliff,4 hrs and 32 mins
Beyond the Goal,Eliyahu M. Goldratt,5 hrs and 47 mins
The Undercover Economist,Tim Harford,10 hrs and 6 mins
Skill with People,Les Giblin,31 mins
This Is Where It Ends,Marieke Nijkamp,6 hrs and 18 mins
The Secrets of Power Negotiating,Roger Dawson,5 hrs and 3 mins
Discipline & Punish,Michel Foucault,13 hrs and 8 mins
Remember Love,Mary Balogh,12 hrs and 9 mins
The Gap and the Gain,"Dan Sullivan,Dr. Benjamin Hardy",5 hrs and 58 mins
Liarmouth: A Feel-Bad Romance,John Waters,6 hrs and 54 mins
No Bad Parts,"Richard C. Schwartz PhD,Alanis Morissette - foreword introduction",8 hrs and 10 mins
Out of the Corner,Jennifer Grey,11 hrs and 19 mins
"Oh, Great! I Discovered How to Cultivate a Farmer in 52 Easy Steps",Benjamin Kerei,15 hrs and 45 mins
The Narrator,K. L. Slater,8 hrs and 5 mins
The Sleepwalkers,Christopher Clark,24 hrs and 54 mins
The World of Yesterday,"Stefan Zweig,Anthea Bell - translator",17 hrs and 50 mins
Harriet the Spy (TV Tie-In Edition),Louise Fitzhugh,7 hrs and 6 mins
The Yearling,Marjorie Kinnan Rawlings,13 hrs and 58 mins
The Plot Against America,Philip Roth,13 hrs and 23 mins
The Snowman,"Jo Nesbø,Don Bartlett",15 hrs and 38 mins
The Eagle of the Ninth,Rosemary Sutcliff,4 hrs and 32 mins
Beyond the Goal,Eliyahu M. Goldratt,5 hrs and 47 mins
The Undercover Economist,Tim Harford,10 hrs and 6 mins
Skill with People,Les Giblin,31 mins
This Is Where It Ends,Marieke Nijkamp,6 hrs and 18 mins
The Secrets of Power Negotiating,Roger Dawson,5 hrs and 3 mins
Discipline & Punish,Michel Foucault,13 hrs and 8 mins
Remember Love,Mary Balogh,12 hrs and 9 mins
The Gap and the Gain,"Dan Sullivan,Dr. Benjamin Hardy",5 hrs and 58 mins
Liarmouth: A Feel-Bad Romance,John Waters,6 hrs and 54 mins
No Bad Parts,"Richard C. Schwartz PhD,Alanis Morissette - foreword introduction",8 hrs and 10 mins
Out of the Corner,Jennifer Grey,11 hrs and 19 mins
"Oh, Great! I Discovered How to Cultivate a Farmer in 52 Easy Steps",Benjamin Kerei,15 hrs and 45 mins
The Narrator,K. L. Slater,8 hrs and 5 mins
The Sleepwalkers,Christopher Clark,24 hrs and 54 mins
The World of Yesterday,"Stefan Zweig,Anthea Bell - translator",17 hrs and 50 mins
Harriet the Spy (TV Tie-In Edition),Louise Fitzhugh,7 hrs and 6 mins
The Yearling,Marjorie Kinnan Rawlings,13 hrs and 58 mins
The Plot Against America,Philip Roth,13 hrs and 23 mins
The Snowman,"Jo Nesbø,Don Bartlett",15 hrs and 38 mins
